Cryptocurrency,Category
Bitcoin,Cryptocurrency
Bitcoin,Layer 1 (L1)
BNB,Alleged SEC Securities
BNB,Smart Contract Platform
BNB,Exchange-based Tokens
BNB,Centralized Exchange (CEX)
BNB,BNB Chain Ecosystem
BNB,Polygon Ecosystem
BNB,Layer 1 (L1)
BNB,Avalanche Ecosystem
BNB,Moonriver Ecosystem
BNB,Ethereum Ecosystem
Tether,Mantle Ecosystem
Tether,Stablecoins
Tether,USD Stablecoin
Tether,BNB Chain Ecosystem
Tether,Solana Ecosystem
Tether,Polygon Ecosystem
Tether,Gnosis Chain Ecosystem
Tether,Arbitrum Ecosystem
Tether,Avalanche Ecosystem
Tether,Harmony Ecosystem
Tether,Moonriver Ecosystem
Tether,Near Protocol Ecosystem
Tether,Fantom Ecosystem
Tether,Moonbeam Ecosystem
Tether,Tezos Ecosystem
Tether,Cronos Ecosystem
Tether,Metis Ecosystem
Tether,Velas Ecosystem
Tether,EthereumPoW Ecosystem
Tether,Optimism Ecosystem
Tether,Ethereum Ecosystem
Tether,Canto Ecosystem
XRP,Cryptocurrency
USD Coin,Mantle Ecosystem
USD Coin,Stablecoins
USD Coin,USD Stablecoin
USD Coin,BNB Chain Ecosystem
USD Coin,Solana Ecosystem
USD Coin,Polygon Ecosystem
USD Coin,Gnosis Chain Ecosystem
USD Coin,Arbitrum Ecosystem
USD Coin,Avalanche Ecosystem
USD Coin,Harmony Ecosystem
USD Coin,Moonriver Ecosystem
USD Coin,Near Protocol Ecosystem
USD Coin,Fantom Ecosystem
USD Coin,Moonbeam Ecosystem
USD Coin,Cronos Ecosystem
USD Coin,Metis Ecosystem
USD Coin,Arbitrum Nova Ecosystem
USD Coin,Velas Ecosystem
USD Coin,Optimism Ecosystem
USD Coin,Ethereum Ecosystem
USD Coin,ZkSync Ecosystem
USD Coin,Canto Ecosystem
Lido Staked Ether,Decentralized Finance (DeFi)
Lido Staked Ether,Eth 2.0 Staking
Lido Staked Ether,Liquid Staking Tokens
Lido Staked Ether,Ethereum Ecosystem
Cardano,Alleged SEC Securities
Cardano,Smart Contract Platform
Cardano,Layer 1 (L1)
Cardano,Cardano Ecosystem
Solana,Alleged SEC Securities
Solana,Smart Contract Platform
Solana,Solana Ecosystem
Solana,Layer 1 (L1)
Dogecoin,Cryptocurrency
Dogecoin,BNB Chain Ecosystem
Dogecoin,Meme
